id,installed,latitude,locked,longitude,name,bikes_count,docks_count,nbEmptyDocks,temporary,terminal_name,install_date,removal_date
126,TRUE,51.51782144,false,-0.096496865,"Museum of London, Barbican",0,52,51,FALSE,1043,7/15/2010,
215,TRUE,51.51906932,false,-0.088285377,"Moorfields, Moorgate",0,54,54,FALSE,1092,7/19/2010,
12,TRUE,51.52168078,false,-0.130431727,"Malet Street, Bloomsbury",1,49,47,FALSE,980,7/5/2010,
92,TRUE,51.49889832,false,-0.100440521,"Borough Road, Elephant & Castle",1,41,40,FALSE,1082,7/13/2010,
421,TRUE,51.504044,false,-0.104778,"Southwark Station 2, Southwark",1,45,44,FALSE,22163,6/28/2011,
98,TRUE,51.52554222,false,-0.138231303,"Hampstead Road, Euston",2,54,49,FALSE,972,7/14/2010,
175,TRUE,51.521668,false,-0.079608554,"Worship Street, Shoreditch",2,51,48,FALSE,997,6/22/2018,
792,TRUE,51.505461,false,-0.10454093,"Blackfriars Road, Southwark",2,42,40,FALSE,300214,2/8/2016,
532,TRUE,51.50357,false,-0.020068,"Jubilee Plaza, Canary Wharf",3,63,53,FALSE,200163,2/10/2012,
513,TRUE,51.5142228,false,-0.055656,"Watney Market, Stepney",4,51,46,FALSE,200162,,
789,TRUE,51.538718,false,-0.011889482,"Podium, Queen Elizabeth Olympic Park",4,40,36,FALSE,300021,1/11/2016,
671,TRUE,51.475089,false,-0.201968,"Parsons Green Station, Parsons Green",8,56,46,FALSE,300052,10/31/2013,
410,TRUE,51.519968,false,-0.169774,"Edgware Road Station, Marylebone",22,64,42,FALSE,1058,,
34,TRUE,51.5341235,false,-0.129386874,"Pancras Road, King's Cross",13,16,0,FALSE,3428,7/7/2010,
185,TRUE,51.48805753,false,-0.140741432,"Alderney Street, Pimlico",13,14,0,FALSE,1174,7/17/2010,
388,TRUE,51.51070161,false,-0.121723604,"Southampton Street, Strand",13,14,0,FALSE,1228,2/8/2011,
173,TRUE,51.50486,false,-0.113001,"Waterloo Road, South Bank",15,15,0,FALSE,1176,7/16/2010,
260,TRUE,51.5136846,false,-0.135580879,"Broadwick Street, Soho",15,18,0,FALSE,3489,7/21/2010,
294,TRUE,51.488226,false,-0.135635511,"St. George's Square, Pimlico",15,16,0,FALSE,1195,7/22/2010,
300,TRUE,51.505014,false,-0.17306032,"Serpentine Car Park, Hyde Park",15,17,0,FALSE,1217,7/22/2010,
324,TRUE,51.49652013,false,-0.101384068,"Ontario Street, Elephant & Castle",15,15,0,FALSE,1200,7/23/2010,
40,TRUE,51.52127071,false,-0.0755789,"Commercial Street, Shoreditch",16,16,0,FALSE,1083,7/8/2010,
474,TRUE,51.541515,false,-0.038557746,"Gascoyne Road, Victoria Park",17,20,0,FALSE,200155,1/17/2012,
479,TRUE,51.527152,false,-0.058005,"Pott Street, Bethnal Green",18,20,0,FALSE,200156,1/19/2012,
722,TRUE,51.52458353,false,-0.058631453,"Finnis Street, Bethnal Green",18,19,0,FALSE,300041,11/21/2013,
473,TRUE,51.496137,false,-0.019355,"Millharbour, Millwall",19,19,0,FALSE,22167,1/17/2012,
752,TRUE,51.515117,false,-0.17371276,"London Street, Paddington",19,19,0,FALSE,300079,4/19/2022,
284,TRUE,51.49914063,false,-0.112031483,"Lambeth North Station, Waterloo",20,20,0,FALSE,1117,7/21/2010,
695,TRUE,51.53638435,false,-0.102757578,"Islington Green, Angel",20,21,0,FALSE,300031,11/11/2013,
650,TRUE,51.51687069,false,-0.213872396,"St. Mark's Road, North Kensington",21,21,0,FALSE,300034,10/22/2013,
480,TRUE,51.5128711,false,-0.0389866,"Flamborough Street, Limehouse",22,25,0,FALSE,200115,1/19/2012,
709,TRUE,51.46321128,false,-0.215550761,"Montserrat Road , Putney",23,23,0,FALSE,200205,11/15/2013,
725,TRUE,51.491327,false,-0.096518684,"Walworth Square, Walworth",23,24,0,FALSE,300050,7/17/2019,
321,TRUE,51.49785559,false,-0.081608045,"Bermondsey Street, Bermondsey",24,24,0,FALSE,2637,7/23/2010,
613,TRUE,51.50403821,false,-0.217400093,"Woodstock Grove, Shepherd's Bush",24,24,0,FALSE,200214,9/26/2013,
834,TRUE,51.477966,false,-0.14785703,"Gas Holders, Battersea Park",25,26,0,FALSE,300216,6/20/2018,
154,TRUE,51.50379168,false,-0.11282408,"Waterloo Station 3, Waterloo",28,35,0,FALSE,1072,,
656,TRUE,51.46841875,false,-0.199135704,"Broomhouse Lane, Parsons Green",29,29,0,FALSE,200040,10/24/2013,
706,TRUE,51.50215353,false,-0.083632928,"Snowsfields, London Bridge",31,31,0,FALSE,200193,11/14/2013,
667,TRUE,51.5015946,false,-0.222293381,"Shepherd's Bush Road North, Shepherd's Bush",32,34,0,FALSE,200209,10/30/2013,
61,TRUE,51.49738251,false,-0.089446947,"Great Dover Street, The Borough",33,33,0,FALSE,1017,7/10/2010,
335,TRUE,51.51196803,false,-0.120718759,"Tavistock Street, Covent Garden",33,33,0,FALSE,1207,7/26/2010,
273,TRUE,51.50613324,false,-0.114686385,"Belvedere Road 1, South Bank",34,38,0,FALSE,1186,7/21/2010,
314,TRUE,51.50088934,false,-0.083159352,"Tyers Gate, Bermondsey",35,36,0,FALSE,3485,7/23/2010,
354,TRUE,51.506767,false,-0.123702,"Northumberland Avenue, Strand",35,37,0,FALSE,1097,,
481,TRUE,51.487129,false,-0.0090011,"Saunders Ness Road, Cubitt Town",35,35,0,FALSE,200022,1/19/2012,
644,TRUE,51.48373225,false,-0.223852256,"Rainville Road, Hammersmith",35,36,0,FALSE,200182,10/20/2013,
109,TRUE,51.51563144,false,-0.132328837,"Soho Square , Soho",55,57,0,FALSE,1052,7/14/2010,
7,TRUE,51.53430039,false,-0.1680743,"Charlbert Street, St. John's Wood",13,16,1,FALSE,3422,7/4/2010,
377,TRUE,51.50535447,false,-0.113656543,"Waterloo Bridge, South Bank",14,15,1,FALSE,2648,1/17/2011,
395,TRUE,51.492462,false,-0.159919,"Cadogan Gardens, Chelsea",14,15,1,FALSE,2695,2/28/2011,
46,TRUE,51.507131,false,-0.06691,"Nesham Street, Wapping",15,16,1,FALSE,1031,7/9/2010,
455,TRUE,51.49447,false,-0.014409,"East Ferry Road, Cubitt Town",16,17,1,FALSE,200031,1/9/2012,
10,TRUE,51.50597426,false,-0.092754157,"Park Street, Bankside",17,18,1,FALSE,1024,7/4/2010,
336,TRUE,51.504942,false,-0.115533,"Concert Hall Approach 2, South Bank",17,18,1,FALSE,1212,7/26/2010,
383,TRUE,51.51310333,false,-0.13121385,"Frith Street, Soho",17,18,1,FALSE,2660,2/2/2011,
527,TRUE,51.503802,false,-0.215808,"Hansard Mews, Holland Park",19,20,1,FALSE,200154,2/9/2012,
4,TRUE,51.53005939,false,-0.120973687,"St. Chad's Street, King's Cross",21,23,1,FALSE,1013,7/4/2010,
176,TRUE,51.51791921,false,-0.188098863,"Gloucester Terrace, Bayswater",22,23,1,FALSE,1173,7/16/2010,
86,TRUE,51.48947903,false,-0.115156562,"Sancroft Street, Vauxhall",23,24,1,FALSE,3434,7/13/2010,
130,TRUE,51.50950627,false,-0.075459482,"Tower Gardens , Tower",23,24,1,FALSE,1071,7/15/2010,
64,TRUE,51.50946212,false,-0.124749274,"William IV Street, Strand",25,26,1,FALSE,1028,7/10/2010,
655,TRUE,51.48294452,false,-0.219346128,"Crabtree Lane, Fulham",25,27,1,FALSE,200221,10/24/2013,
814,TRUE,51.47143307,false,-0.1236707357,"Clapham Road, Lingham Street, Stockwell",29,30,1,FALSE,300245,6/2/2016,
772,TRUE,51.47250956,false,-0.122831913,"Binfield Road, Stockwell",34,35,1,FALSE,300015,4/2/2014,
409,TRUE,51.493146,false,-0.099828,"Strata, Elephant & Castle",39,41,1,FALSE,10624,,
564,TRUE,51.509943,false,-0.117619,"Somerset House, Strand",39,41,1,FALSE,200068,,
171,TRUE,51.4916156,false,-0.186753859,"Collingham Gardens, Earl's Court",12,14,2,FALSE,3459,7/16/2010,
200,TRUE,51.51492456,false,-0.066078037,"LMU Commercial Road, Whitechapel",12,14,2,FALSE,1105,7/18/2010,
386,TRUE,51.51352755,false,-0.130110822,"Moor Street, Soho",14,16,2,FALSE,3504,2/3/2011,
451,TRUE,51.504719,false,-0.063531,"Hermitage Court, Wapping",14,16,2,FALSE,200021,1/2/2012,
554,TRUE,51.513548,false,-0.005659,"Aberfeldy Street, Poplar",14,16,2,FALSE,200078,,
160,TRUE,51.50663341,false,-0.131773845,"Waterloo Place, St. James's",18,20,2,FALSE,3458,7/16/2010,
487,TRUE,51.511811,false,-0.025626,"Canton Street, Poplar",18,23,2,FALSE,22175,1/30/2012,
233,TRUE,51.50777049,false,-0.130699733,"Pall Mall East, West End",19,22,2,FALSE,1153,7/20/2010,
341,TRUE,51.50810309,false,-0.12602103,"Craven Street, Strand",19,23,2,FALSE,1160,7/27/2010,
379,TRUE,51.51431171,false,-0.200838199,"Turquoise Island, Notting Hill",19,21,2,FALSE,2682,1/27/2011,
777,TRUE,51.46192307,false,-0.1652978567,"Limburg Road, Clapham Junction",19,21,2,FALSE,300100,7/25/2014,
338,TRUE,51.51175646,false,-0.119643424,"Wellington Street , Strand",21,24,2,FALSE,1202,7/26/2010,
553,TRUE,51.535678,false,-0.062546,"Regent's Row , Haggerston",21,24,2,FALSE,200064,,
563,TRUE,51.499286,false,-0.009152,"Preston's Road, Cubitt Town",22,26,2,FALSE,200232,,
691,TRUE,51.47946386,false,-0.195777222,"Erin Close, Walham Green",22,24,2,FALSE,200184,11/18/2013,
697,TRUE,51.53639219,false,-0.112721065,"Charlotte Terrace, Angel",22,25,2,FALSE,200129,11/12/2013,
747,TRUE,51.48796408,false,-0.161765173,"Ormonde Gate, Chelsea",22,24,2,FALSE,300089,12/2/2013,
827,TRUE,51.479601,false,-0.11147178,"Cranmer Road, Stockwell",22,24,2,FALSE,300247,2/5/2018,
808,TRUE,51.464995,false,-0.13090885,"Gauden Road, Clapham",25,28,2,FALSE,300207,4/27/2016,
571,TRUE,51.506256,false,-0.218337,"Westfield Southern Terrace ,Shepherd's Bush",27,29,2,FALSE,200061,3/1/2012,
708,TRUE,51.46161068,false,-0.21614583,"Disraeli Road, Putney",31,33,2,FALSE,200217,11/15/2013,
669,TRUE,51.47614939,false,-0.1232585,"Teversham Lane, Stockwell",37,39,2,FALSE,300036,10/30/2013,
282,TRUE,51.518675,false,-0.06111,"Royal London Hospital, Whitechapel",39,42,2,FALSE,1077,7/21/2010,
833,TRUE,51.460232,false,-0.11537509,"Saltoun Road, Brixton",40,42,2,FALSE,300206,2/6/2018,
14,TRUE,51.52994371,false,-0.123616824,"Belgrove Street , King's Cross",42,48,2,FALSE,1011,7/5/2010,
334,TRUE,51.505044,false,-0.115851,"Concert Hall Approach 1, South Bank",7,10,3,FALSE,2635,7/26/2010,
192,TRUE,51.51251523,false,-0.133201961,"Wardour Street, Soho",11,16,3,FALSE,1163,7/17/2010,
149,TRUE,51.48478899,false,-0.110683213,"Kennington Road Post Office, Oval",14,18,3,FALSE,1073,7/15/2010,
508,TRUE,51.519362,false,-0.074431,"Fournier Street, Whitechapel",14,18,3,FALSE,200157,1/30/2012,
33,TRUE,51.515231,false,-0.07015,"Central House, Aldgate",15,18,3,FALSE,3430,7/7/2010,
521,TRUE,51.534137,false,-0.037366,"Driffield Road, Old Ford",15,19,3,FALSE,200030,,
568,TRUE,51.51616,false,-0.18697,"Bishop's Bridge Road West, Bayswater",15,18,3,FALSE,200110,,
693,TRUE,51.464786,false,-0.215618902,"Felsham Road, Putney",15,18,3,FALSE,300019,11/9/2013,
298,TRUE,51.50227992,false,-0.074189225,"Curlew Street, Shad Thames",16,21,3,FALSE,1213,7/22/2010,
411,TRUE,51.499169,false,-0.055846029,"Rotherhithe Roundabout, Rotherhithe",16,19,3,FALSE,10629,,
756,TRUE,51.47515398,false,-0.159169801,"Prince of Wales Drive, Battersea Park",17,21,3,FALSE,300073,1/20/2014,
502,TRUE,51.53341,false,-0.049591815,"Bonner Gate, Victoria Park",18,21,3,FALSE,200241,7/24/2019,
623,TRUE,51.46193072,false,-0.180791784,"Nantes Close, Wandsworth",19,22,3,FALSE,200186,10/7/2013,
665,TRUE,51.46108367,false,-0.191722864,"Smugglers Way, Wandsworth",19,22,3,FALSE,200113,10/28/2013,
637,TRUE,51.45787019,false,-0.174691623,"Spencer Park, Wandsworth Common",20,25,3,FALSE,200191,10/16/2013,
302,TRUE,51.466907,false,-0.216573,"Putney Pier, Wandsworth",22,28,3,FALSE,3492,7/22/2010,
829,TRUE,51.469217,false,-0.11268674,"Wynne Road, Stockwell",22,25,3,FALSE,300230,2/1/2018,
278,TRUE,51.5034938,false,-0.07962099,"Tooley Street, Bermondsey",24,27,3,FALSE,1142,7/21/2010,
437,TRUE,51.488124,false,-0.120903,"Vauxhall Walk, Vauxhall",24,27,3,FALSE,200056,1/5/2012,
237,TRUE,51.50978602,false,-0.06816198052,"Dock Street, Wapping",26,30,3,FALSE,3467,7/22/2010,
374,TRUE,51.50402794,false,-0.11386436,"Waterloo Station 1, Waterloo",27,36,3,FALSE,2696,12/7/2010,
764,TRUE,51.46239255,false,-0.16829214,"St. John's Road, Clapham Junction",30,33,3,FALSE,200185,2/17/2014,
682,TRUE,51.48810829,false,-0.22660621,"Crisp Road, Hammersmith",42,46,3,FALSE,200059,11/6/2013,
339,TRUE,51.5333196,false,-0.1117812,"Risinghill Street, Angel",9,25,4,FALSE,1127,7/26/2010,
805,TRUE,51.520509,false,-0.20080483,"The Metropolitan, Portobello",11,18,4,FALSE,300244,7/4/2016,
212,TRUE,51.50658458,false,-0.199004026,"Campden Hill Road, Notting Hill",13,17,4,FALSE,3487,7/19/2010,
730,TRUE,51.49208492,false,-0.229116862,"Bridge Avenue, Hammersmith",13,18,4,FALSE,300082,11/22/2013,
454,TRUE,51.487679,false,-0.021582,"Napier Avenue, Millwall",15,20,4,FALSE,200046,1/9/2012,
478,TRUE,51.521889,false,-0.04667,"Stepney Green Station, Stepney",17,21,4,FALSE,200012,1/19/2012,
614,TRUE,51.54119,false,-0.058826101,"London Fields, Hackney Central",17,21,4,FALSE,200025,10/3/2013,
771,TRUE,51.509224,false,-0.216016,"Rifle Place, Avondale",17,21,4,FALSE,300007,3/5/2014,
692,TRUE,51.54211855,false,-0.028941601,"Cadogan Close, Victoria Park",18,22,4,FALSE,200112,11/11/2013,
729,TRUE,51.47893931,false,-0.208485293,"St. Peter's Terrace, Fulham",18,24,4,FALSE,300043,11/25/2013,
766,TRUE,51.45752945,false,-0.192165613,"Ram Street, Wandsworth",20,25,4,FALSE,200079,2/20/2014,
631,TRUE,51.4795017,false,-0.141770709,"Battersea Park Road, Nine Elms",22,27,4,FALSE,200183,10/8/2013,
534,TRUE,51.531864,false,-0.066035,"Goldsmith's Row, Haggerston",23,27,4,FALSE,200159,,
504,TRUE,51.496454,false,-0.009506,"St. John's Park, Cubitt Town",24,30,4,FALSE,200243,1/30/2012,
736,TRUE,51.50659035,false,-0.216104479,"Queensdale Road, Shepherd's Bush",24,28,4,FALSE,300088,11/26/2013,
743,TRUE,51.46079243,false,-0.212607684,"Oxford Road, Putney",24,29,4,FALSE,300078,11/29/2013,
684,TRUE,51.45475251,false,-0.195197203,"Neville Gill Close, Wandsworth",26,32,4,FALSE,200188,11/7/2013,
689,TRUE,51.45922541,false,-0.180884959,"Spanish Road, Clapham Junction",26,30,4,FALSE,200106,11/8/2013,
844,TRUE,51.498439,false,-0.049150215,"Canada Water Station, Rotherhithe",29,35,4,FALSE,300252,12/18/2020,
74,TRUE,51.48591714,false,-0.124469948,"Vauxhall Cross, Vauxhall",11,17,5,FALSE,1000,7/12/2010,
283,TRUE,51.51440928,false,-0.118478757,"Kingsway, Covent Garden",11,16,5,FALSE,1141,7/21/2010,
733,TRUE,51.50542628,false,-0.150817316,"Park Lane, Mayfair",12,18,5,FALSE,300093,11/26/2013,
325,TRUE,51.50908747,false,-0.129697889,"St. Martin's Street, West End",13,18,5,FALSE,1158,7/23/2010,
538,TRUE,51.508981,false,-0.00699,"Naval Row, Blackwall",16,21,5,FALSE,200050,,
600,TRUE,51.481747,false,-0.124642,"South Lambeth Road, Vauxhall",16,21,5,FALSE,200133,,
769,TRUE,51.473611,false,-0.191803,"Sandilands Road, Walham Green",16,21,5,FALSE,300001,3/4/2014,
840,TRUE,51.498585,false,-0.068981764,"George Row, Bermondsey",16,22,5,FALSE,2679,9/10/2020,
307,TRUE,51.50990837,false,-0.187842717,"Black Lion Gate, Kensington Gardens",17,24,5,FALSE,1157,7/22/2010,
558,TRUE,51.493978,false,-0.127554,"Page Street, Westminster",17,24,5,FALSE,200048,5/9/2014,
464,TRUE,51.51417,false,-0.052099,"St. Mary & St. Michael Church, Stepney",20,25,5,FALSE,200082,1/11/2012,
668,TRUE,51.49422354,false,-0.236769936,"Ravenscourt Park Station, Hammersmith",20,26,5,FALSE,300037,10/30/2013,
830,TRUE,51.469202,false,-0.11902256,"Sidney Road, Stockwell",21,27,5,FALSE,300229,2/7/2018,
640,TRUE,51.47286577,false,-0.148059277,"Silverthorne Road, Battersea",23,28,5,FALSE,200179,10/17/2013,
670,TRUE,51.46718562,false,-0.152248582,"Ashley Crescent, Battersea",23,28,5,FALSE,200169,10/31/2013,
219,TRUE,51.49016361,false,-0.19039362,"Bramham Gardens, Earl's Court",24,29,5,FALSE,1183,7/19/2010,
845,TRUE,51.497995,false,-0.063471392,"Bermondsey Station, Bermondsey",24,30,5,FALSE,300253,12/18/2020,
800,TRUE,51.48112194,false,-0.1490353749,"Sopwith Way, Battersea Park",25,30,5,FALSE,300248,3/4/2016,
214,TRUE,51.52683806,false,-0.130504336,"Endsleigh Gardens, Euston",26,32,5,FALSE,1079,7/19/2010,
775,TRUE,51.496664,false,-0.223868,"Little Brook Green, Brook Green",27,33,5,FALSE,300101,3/31/2014,
828,TRUE,51.473874,false,-0.11258096,"Normandy Road, Stockwell",27,32,5,FALSE,300225,2/5/2018,
542,TRUE,51.514115,false,-0.033828,"Salmon Lane, Limehouse",28,33,5,FALSE,200147,,
206,TRUE,51.518154,false,-0.062697,"New Road 1 , Whitechapel",31,36,5,FALSE,1171,7/18/2010,
132,TRUE,51.52364804,false,-0.074754872,"Bethnal Green Road, Shoreditch",32,38,5,FALSE,973,7/15/2010,
404,TRUE,51.50204238,false,-0.184400221,"Palace Gate, Kensington Gardens",6,13,6,FALSE,1110,3/9/2011,
118,TRUE,51.49582705,false,-0.13547809,"Rochester Row, Westminster",7,13,6,FALSE,3457,7/14/2010,
201,TRUE,51.5225965,false,-0.161113413,"Dorset Square, Marylebone",9,16,6,FALSE,1162,7/18/2010,
259,TRUE,51.490959,false,-0.1532331,"Bourne Street, Belgravia",10,16,6,FALSE,1180,7/21/2010,
347,TRUE,51.50013942,false,-0.113936001,"Lower Marsh, Waterloo",11,17,6,FALSE,1219,9/6/2010,
530,TRUE,51.508896,false,-0.012413,"Newby Place, Poplar",12,18,6,FALSE,200146,,
316,TRUE,51.497998,false,-0.14296064,"Warwick Row, Westminster",13,21,6,FALSE,968,7/23/2010,10/18/2018
776,TRUE,51.460333,false,-0.167029,"Abyssinia Close, Clapham Junction",13,20,6,FALSE,300099,3/31/2014,
272,TRUE,51.50144456,false,-0.110699309,"Baylis Road, Waterloo",15,22,6,FALSE,1133,7/21/2010,
355,TRUE,51.461388,false,-0.13922146,"Clapham Common Station, Clapham Common",15,21,6,FALSE,2694,10/22/2010,
596,TRUE,51.472817,false,-0.199783,"Parson's Green , Parson's Green",15,21,6,FALSE,200237,,
227,TRUE,51.52891573,false,-0.115480888,"Great Percy Street, Clerkenwell",16,23,6,FALSE,3470,7/20/2010,
526,TRUE,51.503143,false,-0.008428,"Lancaster Drive, Blackwall",19,27,6,FALSE,200143,,
780,TRUE,51.474665,false,-0.18316517,"Imperial Wharf Station, Sands End",19,25,6,FALSE,300070,8/13/2015,
351,TRUE,51.529423,false,-0.097122,"Macclesfield Rd, St Lukes",22,28,6,FALSE,1226,10/11/2010,
476,TRUE,51.489096,false,-0.009205,"Stebondale Street, Cubitt Town",22,29,6,FALSE,200009,1/19/2012,
317,TRUE,51.49679128,false,-0.093913472,"Dickens Square, Borough",24,32,6,FALSE,1208,7/23/2010,
648,TRUE,51.46904022,false,-0.19627483,"Peterborough Road, Sands End",24,30,6,FALSE,200171,10/21/2013,
633,TRUE,51.48959104,false,-0.209378594,"Vereker Road, West Kensington",25,32,6,FALSE,200116,10/10/2013,
144,TRUE,51.48894022,false,-0.111435796,"Kennington Cross, Kennington",41,47,6,FALSE,1093,7/15/2010,
361,TRUE,51.50391973,false,-0.11342629,"Waterloo Station 2, Waterloo",47,55,6,FALSE,2692,12/9/2010,
56,TRUE,51.52058381,false,-0.154701411,"Paddington Street, Marylebone",8,16,7,FALSE,1033,7/10/2010,
164,TRUE,51.515607,false,-0.183118788,"Cleveland Gardens, Bayswater",9,16,7,FALSE,1178,7/16/2010,
397,TRUE,51.51348,false,-0.17977,"Devonshire Terrace, Bayswater",9,16,7,FALSE,1227,3/2/2011,
297,TRUE,51.49612799,false,-0.106000855,"Geraldine Street, Elephant & Castle",10,17,7,FALSE,3498,7/22/2010,
459,TRUE,51.535179,false,-0.03338,"Gunmakers Lane, Old Ford",10,17,7,FALSE,200014,,
472,TRUE,51.529452,false,-0.027616,"Malmesbury Road, Bow",13,21,7,FALSE,200019,1/17/2012,
577,TRUE,51.528869,false,-0.047548,"Globe Town Market, Bethnal Green",13,20,7,FALSE,200247,,
611,TRUE,51.50646524,false,-0.208486599,"Princedale Road , Holland Park",13,20,7,FALSE,200067,9/26/2013,
841,TRUE,51.500845,false,-0.074704305,"Tower Wharf, Bermondsey",13,20,7,FALSE,2667,,
152,TRUE,51.49217002,false,-0.101536865,"Hampton Street, Walworth",14,21,7,FALSE,1118,7/15/2010,
329,TRUE,51.53589283,false,-0.160854428,"Prince Albert Road, The Regent's Park",16,24,7,FALSE,2636,7/26/2010,
15,TRUE,51.51772703,false,-0.127854211,"Great Russell Street, Bloomsbury",17,26,7,FALSE,988,7/5/2010,
153,TRUE,51.511933,false,-0.174411,"Bayswater Road, Hyde Park",17,27,7,FALSE,1096,7/15/2010,
651,TRUE,51.48089844,false,-0.183853573,"Thorndike Close, West Chelsea",17,25,7,FALSE,300030,10/22/2013,
700,TRUE,51.47696496,false,-0.174347066,"Battersea Church Road, Battersea",17,25,7,FALSE,200201,11/13/2013,
757,TRUE,51.48795853,false,-0.187404506,"Harcourt Terrace, West Brompton",17,24,7,FALSE,300069,1/7/2014,
750,TRUE,51.4710956,false,-0.157850096,"Culvert Road, Battersea",19,27,7,FALSE,300080,12/5/2013,
629,TRUE,51.45995384,false,-0.190184054,"Morie Street, Wandsworth",21,28,7,FALSE,200187,10/11/2013,
816,TRUE,51.54653279,false,-0.02059759046,"Here East South, Queen Elizabeth Olympic Park",21,28,7,FALSE,300219,3/9/2017,
186,TRUE,51.51733558,false,-0.175810943,"South Wharf Road, Paddington",8,16,8,FALSE,1167,7/17/2010,
292,TRUE,51.49888404,false,-0.165471605,"Montpelier Street, Knightsbridge",8,16,8,FALSE,1206,7/22/2010,
60,TRUE,51.52644828,false,-0.172190727,"Lisson Grove, St. John's Wood",10,18,8,FALSE,1030,7/10/2010,
167,TRUE,51.49395092,false,-0.147624377,"Eccleston Place, Victoria",11,19,8,FALSE,3465,,
352,TRUE,51.486965,false,-0.116625,"Vauxhall Street, Vauxhall",11,19,8,FALSE,1224,10/11/2010,
609,TRUE,51.46512358,false,-0.157788279,"Sugden Road, Clapham",11,19,8,FALSE,200208,9/25/2013,
696,TRUE,51.48728535,false,-0.217995921,"Charing Cross Hospital, Hammersmith",11,21,8,FALSE,300018,11/11/2013,
607,TRUE,51.468814,false,-0.210279,"Putney Bridge Station, Fulham",13,21,8,FALSE,200125,,
267,TRUE,51.49206037,false,-0.132224622,"Regency Street, Westminster",14,22,8,FALSE,1155,7/21/2010,
234,TRUE,51.53450449,false,-0.106992706,"Liverpool Road (N1 Centre), Angel",15,24,8,FALSE,1081,7/20/2010,
293,TRUE,51.49815779,false,-0.209494128,"Kensington Olympia Station, Olympia",15,25,8,FALSE,1214,7/22/2010,
69,TRUE,51.5262363,false,-0.134407652,"Euston Road, Euston",16,24,8,FALSE,983,7/11/2010,
70,TRUE,51.53136059,false,-0.117069978,"Calshot Street , King's Cross",16,24,8,FALSE,1066,7/11/2010,
618,TRUE,51.47625965,false,-0.193254007,"Eel Brook Common, Walham Green",16,24,8,FALSE,300003,9/30/2013,
746,TRUE,51.4795738,false,-0.17903854,"Lots Road, West Chelsea",16,24,8,FALSE,300076,12/2/2013,
761,TRUE,51.48321729,false,-0.211860644,"Humbolt Road, Fulham",17,26,8,FALSE,300068,1/15/2014,
320,TRUE,51.49357351,false,-0.139956043,"Queen Mother Sports Centre, Victoria",18,26,8,FALSE,1148,7/23/2010,
632,TRUE,51.47053858,false,-0.163041605,"Sheepcote Lane, Battersea",19,28,8,FALSE,200176,10/8/2013,
735,TRUE,51.46489445,false,-0.17302926,"Grant Road East, Clapham Junction",20,28,8,FALSE,200120,11/25/2013,
253,TRUE,51.53404294,false,-0.086379717,"Shoreditch Park, Hoxton",22,30,8,FALSE,1051,7/21/2010,
274,TRUE,51.49671237,false,-0.20528437,"Warwick Road, Olympia",26,36,8,FALSE,1134,7/21/2010,
749,TRUE,51.53932857,false,-0.074284675,"Haggerston Road, Haggerston",29,37,8,FALSE,300081,12/4/2013,
765,TRUE,51.46760141,false,-0.20682737,"Ranelagh Gardens, Fulham",31,39,8,FALSE,300064,2/21/2014,
165,TRUE,51.517932,false,-0.183716959,"Orsett Terrace, Bayswater",6,15,9,FALSE,2585,7/16/2010,
161,TRUE,51.49234577,false,-0.141334487,"Guildhouse Street, Victoria",7,16,9,FALSE,3478,7/16/2010,
353,TRUE,51.49459148,false,-0.134234258,"Greycoat Street , Westminster",7,17,9,FALSE,10623,10/21/2010,
38,TRUE,51.4973875,false,-0.197245586,"Abingdon Villas, Kensington",8,17,9,FALSE,3442,7/8/2010,
204,TRUE,51.52659961,false,-0.112432615,"Margery Street, Clerkenwell",8,19,9,FALSE,3468,7/18/2010,
412,TRUE,51.488105,false,-0.110121,"Cleaver Street, Kennington",8,17,9,FALSE,10628,4/5/2011,
704,TRUE,51.45682071,false,-0.202802098,"Mexfield Road, East Putney",9,18,9,FALSE,200063,11/14/2013,
660,TRUE,51.49087074,false,-0.206029743,"West Kensington Station, West Kensington",10,22,9,FALSE,300020,10/25/2013,
91,TRUE,51.49368637,false,-0.111014912,"Walnut Tree Walk, Vauxhall",11,20,9,FALSE,1076,7/13/2010,
657,TRUE,51.49968,false,-0.221791551,"Blythe Road West, Shepherd's Bush",11,21,9,FALSE,200220,10/24/2013,
29,TRUE,51.513735,false,-0.193487,"Hereford Road, Bayswater",12,22,9,FALSE,1016,7/7/2010,
643,TRUE,51.5190427,false,-0.204764421,"All Saints' Road, Portobello",13,22,9,FALSE,300026,10/17/2013,
435,TRUE,51.488852,false,-0.105593,"Kennington Station, Kennington",14,23,9,FALSE,22170,12/8/2011,
485,TRUE,51.531127,false,-0.048017,"Old Ford Road, Bethnal Green",14,24,9,FALSE,22173,1/22/2012,
807,TRUE,51.5212,false,-0.208888173,"Bevington Road West, North Kensington",14,24,9,FALSE,300236,6/23/2016,
453,TRUE,51.508447,false,-0.055167,"Garnet Street, Shadwell",15,24,9,FALSE,200045,1/9/2012,
782,TRUE,51.483911,false,-0.19760944,"Halford Road, West Kensington",15,24,9,FALSE,300210,11/2/2015,
45,TRUE,51.522511,false,-0.162298,"Boston Place, Marylebone",16,26,9,FALSE,1035,7/9/2010,
458,TRUE,51.504749,false,-0.057544,"Wapping Lane, Wapping",18,28,9,FALSE,200034,1/11/2012,
683,TRUE,51.46506424,false,-0.163750945,"Dorothy Road, Clapham Junction",18,28,9,FALSE,200119,11/6/2013,
790,TRUE,51.541793,false,-0.00481,"Stratford Station, Stratford",19,28,9,FALSE,300234,1/13/2016,
622,TRUE,51.50748124,false,-0.205535908,"Lansdowne Road, Ladbroke Grove",20,29,9,FALSE,200172,10/4/2013,
621,TRUE,51.46086446,false,-0.187427294,"Wandsworth Town Station, Wandsworth",22,33,9,FALSE,200091,10/4/2013,
619,TRUE,51.4737636,false,-0.197010096,"Irene Road, Parsons Green",32,43,9,FALSE,300012,9/30/2013,
470,TRUE,51.530535,false,-0.025492,"Mostyn Grove, Bow",37,46,9,FALSE,200174,1/17/2012,
250,TRUE,51.489932,false,-0.162727,"Royal Avenue 1, Chelsea",0,10,10,FALSE,3440,7/20/2010,
280,TRUE,51.490083,false,-0.162418,"Royal Avenue 2, Chelsea",0,10,10,FALSE,3462,7/21/2010,
565,TRUE,51.521905,false,-0.063386,"Selby Street, Whitechapel",5,17,10,FALSE,200135,,
721,TRUE,51.53603947,false,-0.026262677,"Wendon Street, Old Ford",5,18,10,FALSE,300039,11/21/2013,
131,TRUE,51.53300545,false,-0.136792671,"Eversholt Street , Camden Town",6,16,10,FALSE,1005,7/15/2010,
148,TRUE,51.49211134,false,-0.138364847,"Tachbrook Street, Victoria",6,16,10,FALSE,965,,
257,TRUE,51.52248185,false,-0.154907218,"Westminster University, Marylebone",6,16,10,FALSE,1194,7/21/2010,
581,TRUE,51.519167,false,-0.147983,"New Cavendish Street, Marylebone",6,18,10,FALSE,200005,3/16/2012,
265,TRUE,51.51595344,false,-0.169249375,"Southwick Street, Paddington",7,17,10,FALSE,3490,7/21/2010,
134,TRUE,51.504904,false,-0.06797,"Wapping High Street, Wapping",8,20,10,FALSE,1039,7/15/2010,
310,TRUE,51.4908679,false,-0.116911864,"Black Prince Road, Vauxhall",8,19,10,FALSE,1205,7/23/2010,
732,TRUE,51.50630441,false,-0.087262995,"Duke Street Hill, London Bridge",8,21,10,FALSE,300083,11/26/2013,
155,TRUE,51.49586666,false,-0.191933711,"Lexham Gardens, Kensington",9,19,10,FALSE,1121,7/16/2010,
308,TRUE,51.49907558,false,-0.085666316,"Long Lane , Bermondsey",10,20,10,FALSE,1189,7/22/2010,
694,TRUE,51.46071722,false,-0.216526155,"Putney Rail Station, Putney",10,20,10,FALSE,300033,11/9/2013,
774,TRUE,51.470131,false,-0.20464,"Hurlingham Park, Parsons Green",10,20,10,FALSE,300098,3/31/2014,
242,TRUE,51.52200801,false,-0.151359288,"Beaumont Street, Marylebone",12,23,10,FALSE,3482,7/20/2010,
626,TRUE,51.48438657,false,-0.20481514,"Normand Park, West Kensington",13,24,10,FALSE,300008,10/16/2013,
794,TRUE,51.461376,false,-0.14780467,"Victoria Rise, Clapham Common",13,23,10,FALSE,300204,2/25/2016,
523,TRUE,51.51549,false,-0.013475,"Langdon Park, Poplar",14,24,10,FALSE,200160,,
751,TRUE,51.51612862,false,-0.120909408,"Newton Street, Covent Garden",14,24,10,FALSE,300074,12/5/2013,
820,TRUE,51.492807,false,-0.091938,"Victory Place, Walworth",14,24,10,FALSE,300239,12/15/2016,
540,TRUE,51.528302,false,-0.144466,"Albany Street, The Regent's Park",15,27,10,FALSE,200134,,
653,TRUE,51.47084722,false,-0.17070367,"Simpson Street, Clapham Junction",15,25,10,FALSE,200196,10/23/2013,
628,TRUE,51.46881971,false,-0.184318843,"William Morris Way, Sands End",16,26,10,FALSE,200062,10/10/2013,
737,TRUE,51.47993289,false,-0.19411695,"Fulham Broadway, Walham Green",16,26,10,FALSE,300086,11/27/2013,
630,TRUE,51.47073264,false,-0.126994068,"Clarence Walk, Stockwell",18,28,10,FALSE,200194,10/11/2013,
658,TRUE,51.47729232,false,-0.16478637,"Ethelburga Estate, Battersea Park",19,30,10,FALSE,300005,11/6/2013,
586,TRUE,51.490645,false,-0.014582,"Mudchute DLR, Cubitt Town",20,31,10,FALSE,200092,3/15/2012,
770,TRUE,51.491026,false,-0.209121,"Gwendwr Road, West Kensington",20,30,10,FALSE,300097,3/6/2014,
832,TRUE,51.464019,false,-0.11578197,"Ferndale Road, Brixton",20,30,10,FALSE,200240,2/7/2018,
811,TRUE,51.50570304,false,-0.02777274262,"Westferry Circus, Canary Wharf",23,36,10,FALSE,300228,7/26/2016,
289,TRUE,51.50923022,false,-0.151296092,"South Audley Street, Mayfair",3,15,11,FALSE,3493,7/22/2010,
315,TRUE,51.52536703,false,-0.153463612,"The Tennis Courts, The Regent's Park",4,16,11,FALSE,1199,7/23/2010,
467,TRUE,51.523538,false,-0.030556,"Southern Grove, Bow",4,17,11,FALSE,200168,1/12/2012,
517,TRUE,51.532513,false,-0.033085,"Ford Road, Old Ford",4,17,11,FALSE,200027,1/17/2012,
367,TRUE,51.5173721,false,-0.1642075,"Harrowby Street, Marylebone",5,16,11,FALSE,2680,,
396,TRUE,51.51809,false,-0.163609,"Shouldham Street, Marylebone",5,16,11,FALSE,2693,3/2/2011,
103,TRUE,51.50472376,false,-0.192538767,"Vicarage Gate, Kensington",7,18,11,FALSE,3441,7/14/2010,
158,TRUE,51.49085368,false,-0.196170309,"Trebovir Road, Earl's Court",7,18,11,FALSE,1113,7/16/2010,
394,TRUE,51.524826,false,-0.176268,"Aberdeen Place, St. John's Wood",7,18,11,FALSE,2698,,
264,TRUE,51.52644342,false,-0.109256828,"Tysoe Street, Clerkenwell",8,20,11,FALSE,1146,7/21/2010,
58,TRUE,51.52452699,false,-0.079248081,"New Inn Yard, Shoreditch",9,20,11,FALSE,1032,7/10/2010,
83,TRUE,51.50963938,false,-0.131510949,"Panton Street, West End",9,21,11,FALSE,3452,7/13/2010,
190,TRUE,51.48997562,false,-0.132845681,"Rampayne Street, Pimlico",9,21,11,FALSE,1106,7/17/2010,
593,TRUE,51.531066,false,-0.11934,"Northdown Street, King's Cross",9,21,11,FALSE,200058,,
488,TRUE,51.506946,false,-0.058681,"Reardon Street, Wapping",11,22,11,FALSE,22176,1/22/2012,
727,TRUE,51.47569809,false,-0.20587627,"Chesilton Road, Fulham",11,23,11,FALSE,300054,11/22/2013,
741,TRUE,51.5129814,false,-0.219486603,"Freston Road, Avondale",12,23,11,FALSE,300085,11/28/2013,
442,TRUE,51.510101,false,-0.211358,"Walmer Road, Avondale",13,24,11,FALSE,200035,1/7/2012,
535,TRUE,51.537349,false,-0.147154,"Gloucester Avenue, Camden Town",13,24,11,FALSE,200145,,
754,TRUE,51.5129006,false,-0.214762686,"Grenfell Road, Avondale",13,24,11,FALSE,300067,1/6/2014,
755,TRUE,51.48512191,false,-0.174971902,"The Vale, Chelsea",13,24,11,FALSE,300058,1/6/2014,
117,TRUE,51.49288067,false,-0.114934001,"Lollard Street, Vauxhall",14,25,11,FALSE,998,7/14/2010,
18,TRUE,51.51477076,false,-0.12221963,"Drury Lane, Covent Garden",16,27,11,FALSE,1007,7/6/2010,
597,TRUE,51.473471,false,-0.20782,"Fulham Park Road, Fulham",16,27,11,FALSE,200229,,
677,TRUE,51.46866929,false,-0.146544642,"Heath Road, Battersea",16,27,11,FALSE,200023,11/3/2013,
739,TRUE,51.48176572,false,-0.185273723,"Hortensia Road, West Brompton",16,28,11,FALSE,300091,11/28/2013,
638,TRUE,51.46663393,false,-0.169821175,"Falcon Road, Clapham Junction",17,28,11,FALSE,300014,10/15/2013,
387,TRUE,51.49369988,false,-0.121394101,"Fire Brigade Pier, Vauxhall",19,30,11,FALSE,2703,2/7/2011,
522,TRUE,51.525941,false,-0.036017,"Clinton Road, Mile End",24,36,11,FALSE,200161,,
510,TRUE,51.509303,false,-0.025996,"Westferry DLR, Limehouse",29,41,11,FALSE,200238,,
309,TRUE,51.50963123,false,-0.119047563,"Embankment (Savoy), Strand",30,41,11,FALSE,1192,7/23/2010,
402,TRUE,51.52289229,false,-0.171681991,"Penfold Street, Marylebone",3,15,12,FALSE,10625,3/8/2011,
99,TRUE,51.51457763,false,-0.158264483,"Old Quebec Street, Marylebone",4,16,12,FALSE,1085,7/14/2010,
646,TRUE,51.49886563,false,-0.137424571,"Buckingham Gate, Westminster",4,16,12,FALSE,200178,10/18/2013,
37,TRUE,51.49159394,false,-0.192369256,"Penywern Road, Earl's Court",5,17,12,FALSE,3444,7/7/2010,
110,TRUE,51.53304322,false,-0.172528678,"Wellington Road, St. John's Wood",5,17,12,FALSE,1055,7/14/2010,
277,TRUE,51.50315739,false,-0.191496313,"Kensington Church Street, Kensington",5,17,12,FALSE,1143,7/21/2010,
471,TRUE,51.533283,false,-0.028155,"Hewison Street, Old Ford",5,19,12,FALSE,200006,1/17/2012,
275,TRUE,51.52004497,false,-0.092176447,"Barbican Centre, Barbican",6,19,12,FALSE,1191,7/21/2010,
573,TRUE,51.485587,false,-0.18119,"Limerston Street, West Chelsea",6,18,12,FALSE,200001,3/15/2012,
47,TRUE,51.52334476,false,-0.183846408,"Warwick Avenue Station, Maida Vale",7,19,12,FALSE,1027,7/10/2010,
75,TRUE,51.53219984,false,-0.105480698,"Torrens Street, Angel",7,19,12,FALSE,1060,7/12/2010,
107,TRUE,51.52600832,false,-0.096317627,"Finsbury Leisure Centre, St. Luke's",7,20,12,FALSE,1049,7/14/2010,
531,TRUE,51.530326,false,-0.042744,"Twig Folly Bridge, Mile End",8,21,12,FALSE,200167,2/9/2012,
610,TRUE,51.48256792,false,-0.172078187,"Danvers Street, West Chelsea",8,21,12,FALSE,200222,9/25/2013,
710,TRUE,51.47439218,false,-0.163347594,"Albert Bridge Road, Battersea Park",8,20,12,FALSE,300045,11/15/2013,
520,TRUE,51.526041,false,-0.047218,"Bancroft Road, Bethnal Green",9,21,12,FALSE,200234,,
128,TRUE,51.49536226,false,-0.185296516,"Emperor's Gate, South Kensington",10,22,12,FALSE,1116,7/15/2010,
720,TRUE,51.48724429,false,-0.205279052,"Star Road, West Kensington",10,23,12,FALSE,300038,11/21/2013,
515,TRUE,51.500088,false,-0.211316,"Russell Gardens, Olympia",12,24,12,FALSE,200080,,
690,TRUE,51.47047503,false,-0.152130083,"Stanley Grove, Battersea",12,24,12,FALSE,200199,11/8/2013,
702,TRUE,51.52868155,false,-0.065550321,"Durant Street, Bethnal Green",12,24,12,FALSE,200213,11/13/2013,
197,TRUE,51.50556905,false,-0.111606696,"Stamford Street, South Bank",14,27,12,FALSE,962,7/17/2010,
679,TRUE,51.47453545,false,-0.170210533,"Orbel Street, Battersea",14,26,12,FALSE,200114,11/5/2013,
424,TRUE,51.490491,false,-0.149186,"Ebury Bridge, Pimlico",17,29,12,FALSE,22159,12/22/2011,
711,TRUE,51.48335692,false,-0.216305546,"Everington Street, Fulham",19,31,12,FALSE,300028,11/18/2013,
288,TRUE,51.49236962,false,-0.147478734,"Elizabeth Bridge, Victoria",20,34,12,FALSE,1138,7/22/2010,
642,TRUE,51.46916161,false,-0.174485792,"Fawcett Close, Battersea",24,36,12,FALSE,200192,10/16/2013,
23,TRUE,51.51943538,false,-0.119123345,"Red Lion Square, Holborn",0,16,13,FALSE,3421,7/6/2010,
405,TRUE,51.49418566,false,-0.18267094,"Gloucester Road Station, South Kensington",0,15,13,FALSE,1107,3/9/2011,
432,TRUE,51.496468,false,-0.17379696,"Exhibition Road Museums 1, South Kensington",0,13,13,FALSE,22158,10/24/2011,
482,TRUE,51.495947,false,-0.17368958,"Exhibition Road Museums 2, South Kensington",1,14,13,FALSE,200052,1/19/2012,
419,TRUE,51.485821,false,-0.149004,"Chelsea Bridge, Pimlico",2,15,13,FALSE,22160,6/22/2011,
217,TRUE,51.51615461,false,-0.082422399,"Wormwood Street, Liverpool Street",3,16,13,FALSE,2587,7/19/2010,
221,TRUE,51.49481649,false,-0.13045856,"Horseferry Road, Westminster",3,16,13,FALSE,1170,7/19/2010,
306,TRUE,51.51816295,false,-0.135025698,"Rathbone Street, Fitzrovia",3,16,13,FALSE,3497,7/22/2010,
348,TRUE,51.51217033,false,-0.150481272,"Grosvenor Square, Mayfair",3,17,13,FALSE,10627,9/15/2010,
426,TRUE,51.493072,false,-0.129925,"Vincent Street, Pimlico",3,17,13,FALSE,22161,7/12/2011,
516,TRUE,51.5112,false,-0.014438,"Chrisp Street Market, Poplar",4,18,13,FALSE,200089,2/2/2012,
123,TRUE,51.52836014,false,-0.104724625,"St. John Street, Finsbury",5,18,13,FALSE,992,7/15/2010,
281,TRUE,51.49580589,false,-0.127575233,"Smith Square, Westminster",5,18,13,FALSE,3480,7/21/2010,
529,TRUE,51.486892,false,-0.170983,"Manresa Road, Chelsea",5,18,13,FALSE,200010,,
627,TRUE,51.4687905,false,-0.158230901,"Holden Street, Battersea",6,20,13,FALSE,200007,10/16/2013,
332,TRUE,51.49334336,false,-0.194757949,"Nevern Place, Earl's Court",7,20,13,FALSE,1210,7/26/2010,
649,TRUE,51.48180515,false,-0.18027465,"World's End Place, West Chelsea",7,22,13,FALSE,300009,10/21/2013,
255,TRUE,51.52557531,false,-0.179592915,"Clifton Road, Maida Vale",9,22,13,FALSE,1147,7/21/2010,
371,TRUE,51.49775,false,-0.10988,"King Edward Walk, Waterloo",9,22,13,FALSE,2639,12/7/2010,
742,TRUE,51.51510818,false,-0.208565479,"Blenheim Crescent, Ladbroke Grove",9,22,13,FALSE,300090,11/28/2013,
615,TRUE,51.4768851,false,-0.215895601,"Finlay Street, Fulham",10,24,13,FALSE,200029,9/27/2013,
662,TRUE,51.48498496,false,-0.167919869,"Phene Street, Chelsea",11,24,13,FALSE,200189,10/27/2013,
688,TRUE,51.46095151,false,-0.20066766,"Northfields, Wandsworth",14,28,13,FALSE,200204,11/8/2013,
826,TRUE,51.496863,false,-0.1429434,"Allington Street, Victoria",15,28,13,FALSE,300242,7/20/2017,
701,TRUE,51.47287627,false,-0.176267008,"Vicarage Crescent, Battersea",17,30,13,FALSE,200077,11/13/2013,
707,TRUE,51.49021762,false,-0.215087092,"Barons Court Station, West Kensington",17,32,13,FALSE,200197,11/14/2013,
494,TRUE,51.50196,false,-0.016251,"South Quay East, Canary Wharf",21,36,13,FALSE,200233,1/24/2012,
469,TRUE,51.513757,false,-0.020467,"Lindfield Street, Poplar",31,44,13,FALSE,22178,1/12/2012,
127,TRUE,51.51700801,false,-0.09388536,"Wood Street, Guildhall",0,17,14,FALSE,1063,7/15/2010,
381,TRUE,51.51953043,false,-0.13577731,"Charlotte Street, Fitzrovia",0,14,14,FALSE,2669,1/28/2011,
87,TRUE,51.51646835,false,-0.079684557,"Devonshire Square, Liverpool Street",1,16,14,FALSE,3438,7/13/2010,
356,TRUE,51.494412,false,-0.173881,"South Kensington Station, South Kensington",1,15,14,FALSE,2685,10/25/2010,
382,TRUE,51.50935171,false,-0.14744969,"Farm Street, Mayfair",1,15,14,FALSE,2678,2/8/2011,
528,TRUE,51.507326,false,-0.145827,"Clarges Street, Mayfair",1,16,14,FALSE,200088,2/9/2012,
72,TRUE,51.52352001,false,-0.108340165,"Farringdon Lane, Clerkenwell",2,16,14,FALSE,3432,6/19/2010,
102,TRUE,51.51340693,false,-0.076793375,"Jewry Street, Aldgate",2,17,14,FALSE,1045,7/14/2010,
196,TRUE,51.50368837,false,-0.098497684,"Union Street, The Borough",3,17,14,FALSE,961,7/17/2010,
244,TRUE,51.51611887,false,-0.128585022,"Earnshaw Street , Covent Garden",3,18,14,FALSE,1145,7/20/2010,
344,TRUE,51.528246,false,-0.10102611,"Goswell Road (City Uni), Finsbury",3,17,14,FALSE,1222,7/27/2010,
349,TRUE,51.51196,false,-0.142783033,"St. George Street, Mayfair",3,18,14,FALSE,1221,9/15/2010,
189,TRUE,51.53166681,false,-0.109914711,"Claremont Square, Angel",4,18,14,FALSE,1104,7/17/2010,
296,TRUE,51.49363156,false,-0.190603326,"Knaresborough Place, Earl's Court",4,18,14,FALSE,200069,8/23/2013,
430,TRUE,51.48902,false,-0.17524,"South Parade, Chelsea",4,18,14,FALSE,22182,12/22/2011,
576,TRUE,51.497304,false,-0.022793,"Alpha Grove, Millwall",4,22,14,FALSE,200109,,
431,TRUE,51.534474,false,-0.122203,"Crinan Street, King's Cross",5,20,14,FALSE,22183,12/8/2011,
726,TRUE,51.47505096,false,-0.150908371,"Alfreda Street, Battersea Park",7,22,14,FALSE,300047,11/22/2013,
758,TRUE,51.51787005,false,-0.201005397,"Westbourne Park Road, Portobello",8,23,14,FALSE,300057,1/8/2014,
545,TRUE,51.539957,false,-0.145246,"Arlington Road, Camden Town",10,24,14,FALSE,200070,,
616,TRUE,51.48102131,false,-0.209973497,"Aintree Street, Fulham",10,24,14,FALSE,200098,,
105,TRUE,51.51552971,false,-0.190240716,"Westbourne Grove, Bayswater",11,26,14,FALSE,1041,7/14/2010,
445,TRUE,51.52388,false,-0.065076,"Cheshire Street, Bethnal Green",13,28,14,FALSE,200003,1/7/2012,
446,TRUE,51.528936,false,-0.055894,"York Hall, Bethnal Green",13,27,14,FALSE,200042,1/7/2012,
475,TRUE,51.499041,false,-0.020157,"Lightermans Road, Millwall",14,31,14,FALSE,200004,1/17/2012,
809,TRUE,51.51627788,false,-0.1182729916,"Lincoln's Inn Fields, Holborn",14,28,14,FALSE,300240,7/4/2016,
812,TRUE,51.54873119,false,-0.02260655493,"Here East North, Queen Elizabeth Olympic Park",14,28,14,FALSE,300217,7/20/2016,
270,TRUE,51.4863434,false,-0.122492418,"Kennington Lane Rail Bridge, Vauxhall",17,31,14,FALSE,1190,7/21/2010,
594,TRUE,51.513875,false,-0.117774,"Kingsway Southbound, Strand",18,33,14,FALSE,200226,3/14/2012,
551,TRUE,51.505772,false,-0.016460175,"Import Dock, Canary Wharf",21,39,14,FALSE,200066,2/24/2012,
82,TRUE,51.514274,false,-0.111257,"Chancery Lane, Holborn",0,15,15,FALSE,3453,7/13/2010,
120,TRUE,51.51573534,false,-0.093080779,"The Guildhall, Guildhall",0,17,15,FALSE,1044,7/15/2010,
203,TRUE,51.51821864,false,-0.100791005,"West Smithfield Rotunda, Farringdon",0,15,15,FALSE,1040,7/18/2010,
232,TRUE,51.51501025,false,-0.112753217,"Carey Street, Holborn",0,16,15,FALSE,1139,7/20/2010,
256,TRUE,51.51362054,false,-0.116764211,"Houghton Street, Strand",0,15,15,FALSE,3484,7/21/2010,
337,TRUE,51.51108452,false,-0.197524944,"Pembridge Villas, Notting Hill",0,16,15,FALSE,2589,7/26/2010,
340,TRUE,51.51444134,false,-0.087587447,"Bank of England Museum, Bank",0,16,15,FALSE,1201,7/27/2010,
384,TRUE,51.496481,false,-0.192404,"Marloes Road, Kensington",0,15,15,FALSE,3505,2/3/2011,
393,TRUE,51.51733427,false,-0.103604248,"Snow Hill, Farringdon",0,15,15,FALSE,2699,2/24/2011,
261,TRUE,51.5134891,false,-0.191351186,"Princes Square, Bayswater",1,16,15,FALSE,3491,7/21/2010,
359,TRUE,51.49782999,false,-0.135440826,"Butler Place, Westminster",1,18,15,FALSE,2662,11/5/2010,
6,TRUE,51.51811784,false,-0.144228881,"Broadcasting House, Marylebone",2,18,15,FALSE,3424,7/4/2010,
224,TRUE,51.51031,false,-0.18740235,"Queensway, Kensington Gardens",2,17,15,FALSE,1150,7/20/2010,
604,TRUE,51.538792,false,-0.138535,"St Martins Close, Camden Town",2,18,15,FALSE,200195,,
129,TRUE,51.5118973,false,-0.137043852,"Golden Square, Soho",3,18,15,FALSE,3451,7/15/2010,
168,TRUE,51.50040123,false,-0.195455928,"Argyll Road, Kensington",3,19,15,FALSE,3463,7/16/2010,
169,TRUE,51.51474612,false,-0.165164288,"Porchester Place, Paddington",3,18,15,FALSE,3477,7/16/2010,
182,TRUE,51.52202903,false,-0.165842551,"Bell Street , Marylebone",3,18,15,FALSE,1166,7/17/2010,
759,TRUE,51.52456169,false,-0.165668686,"Broadley Terrace, Marylebone",3,18,15,FALSE,300072,1/13/2014,
178,TRUE,51.48985626,false,-0.141923621,"Warwick Square, Pimlico",4,19,15,FALSE,3460,7/16/2010,
162,TRUE,51.51760685,false,-0.121328408,"Southampton Place, Holborn",5,20,15,FALSE,1123,7/16/2010,
208,TRUE,51.52505151,false,-0.166304359,"Mallory Street, Marylebone",5,20,15,FALSE,1175,7/18/2010,
592,TRUE,51.5171,false,-0.18377,"Bishop's Bridge Road East, Bayswater",5,20,15,FALSE,200108,,
617,TRUE,51.47107905,false,-0.207842908,"Elysium Place, Fulham",6,21,15,FALSE,200028,9/30/2013,
712,TRUE,51.51854104,false,-0.034903714,"Mile End Stadium, Mile End",6,22,15,FALSE,300056,11/18/2013,
484,TRUE,51.528828,false,-0.013258,"Bromley High Street, Bow",7,24,15,FALSE,22172,1/23/2012,
21,TRUE,51.539834,false,-0.062806212,"Lansdowne Drive, Hackney Central",9,26,15,FALSE,3426,7/6/2010,
145,TRUE,51.50074359,false,-0.202759212,"Ilchester Place, Kensington",9,24,15,FALSE,1115,7/15/2010,
183,TRUE,51.482362,false,-0.13612398,"Riverlight North, Nine Elms",9,24,15,FALSE,1165,7/17/2010,
664,TRUE,51.474376,false,-0.155442787,"Austin Road, Battersea Park",9,24,15,FALSE,300013,10/28/2013,
279,TRUE,51.51862243,false,-0.176645823,"North Wharf Road, Paddington",10,25,15,FALSE,1108,7/21/2010,
606,TRUE,51.504199,false,-0.210941,"Addison Road, Holland Park",10,26,15,FALSE,200218,,
793,TRUE,51.528279,false,-0.11955857,"Cromer Street, Bloomsbury",10,28,15,FALSE,300205,3/31/2016,
322,TRUE,51.526293,false,-0.073955,"Palissy Street, Shoreditch",11,26,15,FALSE,3502,7/23/2010,
783,TRUE,51.5403115,false,-0.021630359,"Monier Road, Hackney Wick",11,27,15,FALSE,300213,11/26/2015,
821,TRUE,51.48350749,false,-0.1477145574,"Battersea Power Station, Battersea Park",11,27,15,FALSE,300221,2/17/2017,
94,TRUE,51.49506109,false,-0.085814489,"Bricklayers Arms, Borough",13,28,15,FALSE,1070,7/13/2010,
598,TRUE,51.494499,false,-0.228188,"Southerton Road, Hammersmith",15,38,15,FALSE,200166,8/1/2017,
767,TRUE,51.45705988,false,-0.200806304,"Santos Road, Wandsworth",15,30,15,FALSE,200177,2/26/2014,
104,TRUE,51.51159481,false,-0.077121322,"Crosswall, Tower",16,34,15,FALSE,991,7/14/2010,
460,TRUE,51.516196,false,-0.029138,"Burdett Road, Mile End",18,33,15,FALSE,200123,1/11/2012,
784,TRUE,51.546326,false,-0.00993526,"East Village, Queen Elizabeth Olympic Park",18,34,15,FALSE,300200,1/14/2016,
768,TRUE,51.46134382,false,-0.159322467,"Clapham Common North Side, Clapham Common",22,37,15,FALSE,300065,2/27/2014,
813,TRUE,51.48780745,false,-0.1227596259,"New Spring Gardens Walk, Vauxhall",22,37,15,FALSE,300224,7/4/2016,
194,TRUE,51.50462759,false,-0.091773776,"Hop Exchange, The Borough",41,56,15,FALSE,960,7/17/2010,
49,TRUE,51.50706909,false,-0.145904427,"Curzon Street, Mayfair",0,16,16,FALSE,3437,7/10/2010,
78,TRUE,51.52486887,false,-0.099489485,"Sadlers Sports Centre, Finsbury",0,17,16,FALSE,3433,7/12/2010,
116,TRUE,51.51449962,false,-0.141423695,"Little Argyll Street, West End",0,21,16,FALSE,995,7/14/2010,
119,TRUE,51.52589324,false,-0.090847761,"Bath Street, St. Luke's",0,18,16,FALSE,964,7/14/2010,
180,TRUE,51.5129118,false,-0.153645496,"North Audley Street, Mayfair",0,17,16,FALSE,1126,7/16/2010,
389,TRUE,51.51013066,false,-0.155757901,"Upper Grosvenor Street, Mayfair",0,18,16,FALSE,10621,2/10/2011,
403,TRUE,51.51689296,false,-0.158249929,"George Place Mews, Marylebone",0,16,16,FALSE,10630,3/8/2011,
43,TRUE,51.52026,false,-0.157183945,"Crawford Street, Marylebone",1,18,16,FALSE,1036,7/9/2010,
97,TRUE,51.49792478,false,-0.183834706,"Gloucester Road (North), Kensington",2,18,16,FALSE,3447,7/14/2010,
138,TRUE,51.51227622,false,-0.157436972,"Green Street, Mayfair",2,19,16,FALSE,3464,7/15/2010,
254,TRUE,51.53051587,false,-0.106408455,"Chadwell Street, Angel",2,18,16,FALSE,3471,7/21/2010,
375,TRUE,51.50194596,false,-0.194392952,"Kensington Town Hall, Kensington",2,18,16,FALSE,10632,12/8/2010,
537,TRUE,51.51793,false,-0.067937,"Old Montague Street, Whitechapel",2,18,16,FALSE,200239,2/27/2012,
1,TRUE,51.52916347,false,-0.109970527,"River Street , Clerkenwell",3,19,16,FALSE,1023,7/12/2010,
22,TRUE,51.5222641,false,-0.114079481,"Northington Street , Holborn",3,19,16,FALSE,3425,7/6/2010,
290,TRUE,51.518268,false,-0.17110323,"St Mary's Hospital, Paddington",3,20,16,FALSE,3496,7/22/2010,
111,TRUE,51.5100172,false,-0.157275636,"Park Lane , Hyde Park",5,22,16,FALSE,1037,7/14/2010,
323,TRUE,51.523196,false,-0.083067,"Clifton Street, Shoreditch",7,24,16,FALSE,3501,7/23/2010,
376,TRUE,51.49188409,false,-0.125674815,"Millbank Tower, Pimlico",7,24,16,FALSE,2683,1/10/2011,
663,TRUE,51.51323001,false,-0.211593602,"Clarendon Road, Avondale",7,24,16,FALSE,200124,10/27/2013,
223,TRUE,51.49148474,false,-0.090220911,"Rodney Road , Walworth",8,24,16,FALSE,3481,7/20/2010,
590,TRUE,51.53256,false,-0.16862,"Greenberry Street, St.John's Wood",10,26,16,FALSE,200236,,
647,TRUE,51.50035306,false,-0.217515071,"Richmond Way, Shepherd's Bush",10,27,16,FALSE,200181,10/21/2013,
798,TRUE,51.53019988,false,-0.1222994408,"Birkenhead Street, King's Cross",11,27,16,FALSE,300212,6/1/2016,
252,TRUE,51.5046364,false,-0.116542278,"Jubilee Gardens, South Bank",13,30,16,FALSE,1111,7/21/2010,
512,TRUE,51.532091,false,-0.06142,"Pritchard's Road, Bethnal Green",13,30,16,FALSE,200083,2/1/2012,
202,TRUE,51.51236389,false,-0.06954201,"Leman Street, Aldgate",20,37,16,FALSE,1102,7/18/2010,
8,TRUE,51.529857,false,-0.18348604,"Maida Vale, Maida Vale",23,39,16,FALSE,3423,10/31/2018,
318,TRUE,51.51004801,false,-0.138846453,"Sackville Street, Mayfair",0,18,17,FALSE,1197,7/23/2010,
391,TRUE,51.51066202,false,-0.142345694,"Clifford Street, Mayfair",0,17,17,FALSE,2688,2/17/2011,10/18/2018
509,TRUE,51.517842,false,-0.090075,"Fore Street, Guildhall",0,19,17,FALSE,200253,1/30/2012,
514,TRUE,51.516204,false,-0.155525,"Portman Square, Marylebone",0,17,17,FALSE,200008,2/2/2012,
133,TRUE,51.50136494,false,-0.191462381,"Derry Street, Kensington",1,18,17,FALSE,3436,7/15/2010,
139,TRUE,51.49488108,false,-0.117974901,"Lambeth Road, Vauxhall",1,18,17,FALSE,1078,7/15/2010,
188,TRUE,51.5165179,false,-0.164393768,"Nutford Place, Marylebone",1,18,17,FALSE,1112,7/17/2010,
207,TRUE,51.50135267,false,-0.153194766,"Grosvenor Crescent, Belgravia",1,18,17,FALSE,1169,7/19/2010,
299,TRUE,51.49398524,false,-0.136928582,"Vincent Square, Westminster",1,19,17,FALSE,1196,7/22/2010,
589,TRUE,51.487196,false,-0.179369,"Drayton Gardens, West Chelsea",1,18,17,FALSE,200060,,
9,TRUE,51.5073853,false,-0.096440751,"New Globe Walk, Bankside",2,19,17,FALSE,1015,7/4/2010,
210,TRUE,51.51681444,false,-0.151926305,"Hinde Street, Marylebone",3,21,17,FALSE,3476,7/19/2010,
125,TRUE,51.50069491,false,-0.094524319,"Borough High Street, The Borough",4,21,17,FALSE,996,7/15/2010,
595,TRUE,51.493267,false,-0.21985,"Hammersmith Road, Hammersmith",4,22,17,FALSE,200142,,
439,TRUE,51.5338,false,-0.118677,"Killick Street, King's Cross",5,22,17,FALSE,200053,1/4/2012,
544,TRUE,51.526153,false,-0.102208,"Percival Street, Finsbury",5,22,17,FALSE,200051,,
226,TRUE,51.50844614,false,-0.131961389,"Charles II Street, West End",6,24,17,FALSE,3488,7/20/2010,
401,TRUE,51.528187,false,-0.075375,"Columbia Road, Shoreditch",6,24,17,FALSE,2701,3/8/2011,
468,TRUE,51.521564,false,-0.022694,"Cantrell Road, Bow",6,24,17,FALSE,200150,1/12/2012,
100,TRUE,51.49043573,false,-0.122806861,"Albert Embankment, Vauxhall",7,24,17,FALSE,1059,7/14/2010,
501,TRUE,51.522561,false,-0.054883,"Cephas Street, Bethnal Green",7,24,17,FALSE,200073,1/24/2012,
748,TRUE,51.53727795,false,-0.079201849,"Hertford Road, De Beauvoir Town",7,25,17,FALSE,300092,12/4/2013,
166,TRUE,51.50185512,false,-0.159237081,"Seville Street, Knightsbridge",10,27,17,FALSE,1177,7/16/2010,
625,TRUE,51.47761941,false,-0.149551631,"Queen's Circus, Battersea Park",11,28,17,FALSE,200190,10/8/2013,
636,TRUE,51.46706414,false,-0.193502076,"South Park, Sands End",11,28,17,FALSE,200180,10/15/2013,
457,TRUE,51.542138,false,-0.145393,"Castlehaven Road, Camden Town",12,29,17,FALSE,200016,1/10/2012,
685,TRUE,51.46067005,false,-0.198735357,"Osiers Road, Wandsworth",13,30,17,FALSE,200219,11/7/2013,
635,TRUE,51.48606206,false,-0.214428378,"Greyhound Road, Hammersmith",19,37,17,FALSE,200215,10/14/2013,
229,TRUE,51.50654321,false,-0.123179697,"Whitehall Place, Strand",27,46,17,FALSE,1151,7/20/2010,
52,TRUE,51.52295439,false,-0.094934859,"Roscoe Street, St. Luke's",0,18,18,FALSE,1026,7/10/2010,
53,TRUE,51.5099923,false,-0.143495266,"Grafton Street, Mayfair",0,18,18,FALSE,3431,7/10/2010,
79,TRUE,51.511726,false,-0.11385596,"Arundel Street, Temple",0,18,18,FALSE,3455,10/26/2017,
373,TRUE,51.49980661,false,-0.176415994,"Prince Consort Road, Knightsbridge",0,18,18,FALSE,3499,1/19/2011,